{"cameraMode":{"drawMode":0,"name":"Shaded","section":"Shading Mode"},"sceneLighting":true,"audioPlay":false,"sceneViewState":{"showFog":true,"showMaterialUpdate":false,"showSkybox":true,"showFlares":true,"showImageEffects":true,"showParticleSystems":true},"in2DMode":false,"pivot":{"x":1.1922590732574463,"y":-2.2010626792907717,"z":0.0},"rotation":{"x":0.014550212770700455,"y":0.6082836985588074,"z":-0.011114474385976792,"w":0.7935550808906555},"size":2.8578836917877199,"orthographic":false}