{"cameraMode":{"drawMode":0,"name":"Shaded","section":"Shading Mode"},"sceneLighting":true,"audioPlay":false,"sceneViewState":{"showFog":true,"showMaterialUpdate":false,"showSkybox":true,"showFlares":true,"showImageEffects":true,"showParticleSystems":true},"in2DMode":false,"pivot":{"x":-0.3591744899749756,"y":13.578028678894043,"z":-14.47355842590332},"rotation":{"x":0.38433581590652468,"y":0.03738538920879364,"z":-0.015541637316346169,"w":0.9223549365997315},"size":2.2863073348999025,"orthographic":false}