{"cameraMode":{"drawMode":0,"name":"Shaded","section":"Shading Mode"},"sceneLighting":true,"audioPlay":false,"sceneViewState":{"showFog":true,"showMaterialUpdate":false,"showSkybox":true,"showFlares":true,"showImageEffects":true,"showParticleSystems":true},"in2DMode":false,"pivot":{"x":-0.5633842349052429,"y":0.8675940632820129,"z":-2.9296436309814455},"rotation":{"x":0.12448456883430481,"y":-0.010419407859444619,"z":0.0013335930416360498,"w":0.9922163486480713},"size":1.9416587352752686,"orthographic":false}